,album,album_id,album_release_date,album_cover_url,album_cover_url_large,track_id,track_name,track_number,disc_number,explicit_flag,track_popularity,track_duration_s,danceability,energy,key,loudness,mode,speechiness,acousticness,instrumentalness,liveness,valence,tempo,time_signature
0,RAMONA PARK BROKE MY HEART,2G549zeda2XNICgLmU0pNW,2022-04-08,https://i.scdn.co/image/ab67616d000048519fd6f55c35811d79d01f94ef,https://i.scdn.co/image/ab67616d00001e029fd6f55c35811d79d01f94ef,0lqAn1YfFVQ3SdoF7tRZO2,THE BEACH,1,1,True,58,67.209,0.593,0.947,4,-6.206,0,0.631,0.888,0.0,0.823,0.682,157.85,4
1,RAMONA PARK BROKE MY HEART,2G549zeda2XNICgLmU0pNW,2022-04-08,https://i.scdn.co/image/ab67616d000048519fd6f55c35811d79d01f94ef,https://i.scdn.co/image/ab67616d00001e029fd6f55c35811d79d01f94ef,7CvtBcThQ4piVKkfUXieig,AYE! (FREE THE HOMIES),2,1,True,60,185.879,0.745,0.69,3,-7.063,1,0.0628,0.215,0.0,0.0779,0.287,95.022,4
2,RAMONA PARK BROKE MY HEART,2G549zeda2XNICgLmU0pNW,2022-04-08,https://i.scdn.co/image/ab67616d000048519fd6f55c35811d79d01f94ef,https://i.scdn.co/image/ab67616d00001e029fd6f55c35811d79d01f94ef,3MVFHHeksQCnVuKOjPN01M,DJ QUIK,3,1,True,57,140.297,0.829,0.593,1,-11.431,0,0.138,0.422,0.00029,0.192,0.818,86.007,4
3,RAMONA PARK BROKE MY HEART,2G549zeda2XNICgLmU0pNW,2022-04-08,https://i.scdn.co/image/ab67616d000048519fd6f55c35811d79d01f94ef,https://i.scdn.co/image/ab67616d00001e029fd6f55c35811d79d01f94ef,7jN5Abri3a1crehbnlWa1F,MAGIC,4,1,True,63,226.006,0.743,0.601,4,-6.684,0,0.181,0.272,9.65e-05,0.496,0.284,89.97,4
4,RAMONA PARK BROKE MY HEART,2G549zeda2XNICgLmU0pNW,2022-04-08,https://i.scdn.co/image/ab67616d000048519fd6f55c35811d79d01f94ef,https://i.scdn.co/image/ab67616d00001e029fd6f55c35811d79d01f94ef,77JeMQGOagAhWcMd99RYCO,NAMELESS,5,1,False,53,48.225,0.553,0.341,11,-11.554,0,0.0958,0.887,0.434,0.14,0.398,66.202,3
5,RAMONA PARK BROKE MY HEART,2G549zeda2XNICgLmU0pNW,2022-04-08,https://i.scdn.co/image/ab67616d000048519fd6f55c35811d79d01f94ef,https://i.scdn.co/image/ab67616d00001e029fd6f55c35811d79d01f94ef,1jhdCONafFj1hzJsPvZx27,WHEN SPARKS FLY,6,1,True,63,227.873,0.699,0.782,2,-5.538,1,0.124,0.00664,0.000517,0.182,0.227,161.721,4
6,RAMONA PARK BROKE MY HEART,2G549zeda2XNICgLmU0pNW,2022-04-08,https://i.scdn.co/image/ab67616d000048519fd6f55c35811d79d01f94ef,https://i.scdn.co/image/ab67616d00001e029fd6f55c35811d79d01f94ef,0mTWyEt0taYEFpUfAyjqmf,EAST POINT PRAYER,7,1,True,59,217.855,0.598,0.553,5,-8.911,1,0.344,0.0766,0.0,0.364,0.201,77.779,4
7,RAMONA PARK BROKE MY HEART,2G549zeda2XNICgLmU0pNW,2022-04-08,https://i.scdn.co/image/ab67616d000048519fd6f55c35811d79d01f94ef,https://i.scdn.co/image/ab67616d00001e029fd6f55c35811d79d01f94ef,51AP51OFGujGTmBoS7Pf14,SLIDE,8,1,True,56,138.004,0.748,0.449,6,-12.324,0,0.446,0.207,0.00297,0.774,0.829,81.994,4
8,RAMONA PARK BROKE MY HEART,2G549zeda2XNICgLmU0pNW,2022-04-08,https://i.scdn.co/image/ab67616d000048519fd6f55c35811d79d01f94ef,https://i.scdn.co/image/ab67616d00001e029fd6f55c35811d79d01f94ef,1yfymqHHUZeDisKm7L2X2d,PAPERCUTS,9,1,True,57,181.412,0.724,0.64,5,-10.152,1,0.154,0.301,0.0,0.064,0.705,151.049,4
9,RAMONA PARK BROKE MY HEART,2G549zeda2XNICgLmU0pNW,2022-04-08,https://i.scdn.co/image/ab67616d000048519fd6f55c35811d79d01f94ef,https://i.scdn.co/image/ab67616d00001e029fd6f55c35811d79d01f94ef,5Z3mR4zAX4K3krt4JAOpmx,LEMONADE,10,1,True,64,179.674,0.79,0.576,10,-6.991,0,0.0923,0.272,0.0,0.0925,0.574,103.011,4
10,RAMONA PARK BROKE MY HEART,2G549zeda2XNICgLmU0pNW,2022-04-08,https://i.scdn.co/image/ab67616d000048519fd6f55c35811d79d01f94ef,https://i.scdn.co/image/ab67616d00001e029fd6f55c35811d79d01f94ef,62HtcRFFjVch2X1B42K662,PLAYER WAYS,11,1,True,55,208.677,0.689,0.442,9,-11.447,1,0.31,0.55,0.0,0.119,0.283,82.698,4
11,RAMONA PARK BROKE MY HEART,2G549zeda2XNICgLmU0pNW,2022-04-08,https://i.scdn.co/image/ab67616d000048519fd6f55c35811d79d01f94ef,https://i.scdn.co/image/ab67616d00001e029fd6f55c35811d79d01f94ef,5lE3SPNr6F0iLUwVWnryAA,MAMA'S BOY,12,1,True,54,139.951,0.782,0.476,10,-11.509,0,0.166,0.668,0.0024,0.106,0.472,125.077,4
12,RAMONA PARK BROKE MY HEART,2G549zeda2XNICgLmU0pNW,2022-04-08,https://i.scdn.co/image/ab67616d000048519fd6f55c35811d79d01f94ef,https://i.scdn.co/image/ab67616d00001e029fd6f55c35811d79d01f94ef,6rvcCG85l39CbaI6v5wlWa,BANG THAT,13,1,True,54,159.992,0.8,0.544,1,-8.901,1,0.084,0.199,0.00132,0.106,0.793,90.004,4
13,RAMONA PARK BROKE MY HEART,2G549zeda2XNICgLmU0pNW,2022-04-08,https://i.scdn.co/image/ab67616d000048519fd6f55c35811d79d01f94ef,https://i.scdn.co/image/ab67616d00001e029fd6f55c35811d79d01f94ef,1JHKRUy261mWgDVGJfkNgT,THE SPIRIT OF MONSTER KODY,14,1,True,50,45.477,0.555,0.501,5,-9.614,0,0.0998,0.992,0.00201,0.118,0.824,62.438,5
14,RAMONA PARK BROKE MY HEART,2G549zeda2XNICgLmU0pNW,2022-04-08,https://i.scdn.co/image/ab67616d000048519fd6f55c35811d79d01f94ef,https://i.scdn.co/image/ab67616d00001e029fd6f55c35811d79d01f94ef,1L8NADNWd56cZRnaxcxPPI,ROSE STREET,15,1,True,59,153.687,0.755,0.594,1,-4.778,1,0.285,0.00264,0.0,0.242,0.518,89.22,4
15,RAMONA PARK BROKE MY HEART,2G549zeda2XNICgLmU0pNW,2022-04-08,https://i.scdn.co/image/ab67616d000048519fd6f55c35811d79d01f94ef,https://i.scdn.co/image/ab67616d00001e029fd6f55c35811d79d01f94ef,5KQa1dgDpub3IGfOVG1Xcg,THE BLUES,16,1,True,53,142.467,0.633,0.666,2,-8.316,1,0.0645,0.761,0.142,0.658,0.281,123.119,4
16,Vince Staples,2suR5CCbtL2Wq8ShFo8rFr,2021-07-09,https://i.scdn.co/image/ab67616d00004851ab1b13e7ec3ada8d31cdae8b,https://i.scdn.co/image/ab67616d00001e02ab1b13e7ec3ada8d31cdae8b,5OFEJMirg4NPz7G1zgXDYu,ARE YOU WITH THAT?,1,1,True,65,138.41,0.859,0.423,1,-10.698,0,0.283,0.543,0.0,0.104,0.563,125.89,4
17,Vince Staples,2suR5CCbtL2Wq8ShFo8rFr,2021-07-09,https://i.scdn.co/image/ab67616d00004851ab1b13e7ec3ada8d31cdae8b,https://i.scdn.co/image/ab67616d00001e02ab1b13e7ec3ada8d31cdae8b,4hWAIH8ZIjcA2cEhGjr7jc,LAW OF AVERAGES,2,1,True,56,139.05,0.544,0.446,4,-11.074,0,0.426,0.391,0.0,0.157,0.478,135.11,4
18,Vince Staples,2suR5CCbtL2Wq8ShFo8rFr,2021-07-09,https://i.scdn.co/image/ab67616d00004851ab1b13e7ec3ada8d31cdae8b,https://i.scdn.co/image/ab67616d00001e02ab1b13e7ec3ada8d31cdae8b,0zfsHae5pzUPpEuXjtEqbC,SUNDOWN TOWN,3,1,True,55,150.877,0.852,0.389,1,-13.112,1,0.0997,0.596,0.000401,0.112,0.584,139.953,4
19,Vince Staples,2suR5CCbtL2Wq8ShFo8rFr,2021-07-09,https://i.scdn.co/image/ab67616d00004851ab1b13e7ec3ada8d31cdae8b,https://i.scdn.co/image/ab67616d00001e02ab1b13e7ec3ada8d31cdae8b,4JvTUper6kKrGUuOPsdhI2,THE SHINING,4,1,True,51,160.0,0.845,0.392,10,-11.643,0,0.0638,0.0357,0.0021,0.134,0.266,132.054,4
20,Vince Staples,2suR5CCbtL2Wq8ShFo8rFr,2021-07-09,https://i.scdn.co/image/ab67616d00004851ab1b13e7ec3ada8d31cdae8b,https://i.scdn.co/image/ab67616d00001e02ab1b13e7ec3ada8d31cdae8b,1VnUHwES1tSaWlNHcHCIUt,TAKING TRIPS,5,1,True,51,157.226,0.798,0.535,1,-10.736,1,0.162,0.121,0.00218,0.142,0.713,137.001,4
21,Vince Staples,2suR5CCbtL2Wq8ShFo8rFr,2021-07-09,https://i.scdn.co/image/ab67616d00004851ab1b13e7ec3ada8d31cdae8b,https://i.scdn.co/image/ab67616d00001e02ab1b13e7ec3ada8d31cdae8b,4O6AQJEGESzDIIOq2AGbhO,THE APPLE & THE TREE,6,1,True,44,68.261,0.655,0.379,4,-15.045,0,0.505,0.937,0.0364,0.23,0.563,115.897,5
22,Vince Staples,2suR5CCbtL2Wq8ShFo8rFr,2021-07-09,https://i.scdn.co/image/ab67616d00004851ab1b13e7ec3ada8d31cdae8b,https://i.scdn.co/image/ab67616d00001e02ab1b13e7ec3ada8d31cdae8b,3RXGbZhy0Hyur2mSVDlu51,TAKE ME HOME,7,1,True,55,166.829,0.479,0.542,2,-8.55,1,0.37,0.469,5.69e-06,0.368,0.316,79.701,4
23,Vince Staples,2suR5CCbtL2Wq8ShFo8rFr,2021-07-09,https://i.scdn.co/image/ab67616d00004851ab1b13e7ec3ada8d31cdae8b,https://i.scdn.co/image/ab67616d00001e02ab1b13e7ec3ada8d31cdae8b,0sYeIOwBjpkrfLmi1DTO0P,LIL FADE,8,1,True,53,132.27,0.641,0.401,1,-10.581,1,0.307,0.131,0.022,0.219,0.299,175.168,4
24,Vince Staples,2suR5CCbtL2Wq8ShFo8rFr,2021-07-09,https://i.scdn.co/image/ab67616d00004851ab1b13e7ec3ada8d31cdae8b,https://i.scdn.co/image/ab67616d00001e02ab1b13e7ec3ada8d31cdae8b,0qYRRbPKjMRXwQxdmBH4Q7,LAKEWOOD MALL,9,1,True,43,77.476,0.524,0.545,6,-16.757,1,0.124,0.975,0.211,0.274,0.537,86.033,4
25,Vince Staples,2suR5CCbtL2Wq8ShFo8rFr,2021-07-09,https://i.scdn.co/image/ab67616d00004851ab1b13e7ec3ada8d31cdae8b,https://i.scdn.co/image/ab67616d00001e02ab1b13e7ec3ada8d31cdae8b,2SBt41LTnZcKlcnknUgcvF,MHM,10,1,True,51,131.704,0.846,0.533,1,-9.246,1,0.191,0.103,0.02,0.0827,0.807,155.972,4
26,FM!,1XGGeqLZxjOMdCJhmamIn8,2018-11-02,https://i.scdn.co/image/ab67616d000048519b2f8a4adddf78565ad543ab,https://i.scdn.co/image/ab67616d00001e029b2f8a4adddf78565ad543ab,5zEeiQbazUWskpZNhnh6i2,Feels Like Summer,1,1,True,45,149.026,0.851,0.602,8,-6.132,1,0.205,0.167,7.25e-06,0.733,0.651,100.0,4
27,FM!,1XGGeqLZxjOMdCJhmamIn8,2018-11-02,https://i.scdn.co/image/ab67616d000048519b2f8a4adddf78565ad543ab,https://i.scdn.co/image/ab67616d00001e029b2f8a4adddf78565ad543ab,1FVUFtrQnIqgwEXrRb2Qrr,Outside!,2,1,True,41,125.12,0.906,0.807,6,-4.035,0,0.125,0.318,0.0,0.12,0.668,100.062,4
28,FM!,1XGGeqLZxjOMdCJhmamIn8,2018-11-02,https://i.scdn.co/image/ab67616d000048519b2f8a4adddf78565ad543ab,https://i.scdn.co/image/ab67616d00001e029b2f8a4adddf78565ad543ab,3NV4DUVDd2qubFtp4CgQ3p,Don't Get Chipped,3,1,True,44,148.4,0.752,0.723,5,-4.967,1,0.0717,0.38,0.0,0.221,0.644,175.073,3
29,FM!,1XGGeqLZxjOMdCJhmamIn8,2018-11-02,https://i.scdn.co/image/ab67616d000048519b2f8a4adddf78565ad543ab,https://i.scdn.co/image/ab67616d00001e029b2f8a4adddf78565ad543ab,02sObHgWwieFWa9zWIi6gF,Relay,4,1,True,39,137.813,0.772,0.837,2,-3.745,1,0.213,0.0524,0.0,0.585,0.27,160.024,4
30,FM!,1XGGeqLZxjOMdCJhmamIn8,2018-11-02,https://i.scdn.co/image/ab67616d000048519b2f8a4adddf78565ad543ab,https://i.scdn.co/image/ab67616d00001e029b2f8a4adddf78565ad543ab,2jLVXSoCCuUDD6HUU6CaY5,New earlsweatshirt - Interlude,5,1,True,10,22.746,0.754,0.947,8,-5.383,1,0.204,0.54,0.0,0.195,0.786,94.039,1
31,FM!,1XGGeqLZxjOMdCJhmamIn8,2018-11-02,https://i.scdn.co/image/ab67616d000048519b2f8a4adddf78565ad543ab,https://i.scdn.co/image/ab67616d00001e029b2f8a4adddf78565ad543ab,2WhmaCir1p0bXaiOaRLe3C,Run the Bands,6,1,True,37,188.48,0.912,0.7,0,-4.282,1,0.0663,0.299,0.0,0.444,0.484,138.066,4
32,FM!,1XGGeqLZxjOMdCJhmamIn8,2018-11-02,https://i.scdn.co/image/ab67616d000048519b2f8a4adddf78565ad543ab,https://i.scdn.co/image/ab67616d00001e029b2f8a4adddf78565ad543ab,41uX0L4bro4KfKtDIIEFFe,FUN!,7,1,True,51,171.106,0.953,0.554,0,-5.12,1,0.076,0.616,0.000869,0.106,0.457,101.011,4
33,FM!,1XGGeqLZxjOMdCJhmamIn8,2018-11-02,https://i.scdn.co/image/ab67616d000048519b2f8a4adddf78565ad543ab,https://i.scdn.co/image/ab67616d00001e029b2f8a4adddf78565ad543ab,4iXyMgD3jJ2GnKJKBfs4fB,No Bleedin,8,1,True,37,123.506,0.845,0.808,9,-5.849,1,0.219,0.0862,0.0,0.424,0.526,94.058,4
34,FM!,1XGGeqLZxjOMdCJhmamIn8,2018-11-02,https://i.scdn.co/image/ab67616d000048519b2f8a4adddf78565ad543ab,https://i.scdn.co/image/ab67616d00001e029b2f8a4adddf78565ad543ab,3b0Voi6WMkuyX7EVa6QKgA,Brand New Tyga - Interlude,9,1,True,32,35.213,0.908,0.41,10,-8.831,0,0.174,0.0359,0.000198,0.144,0.376,97.045,4
35,FM!,1XGGeqLZxjOMdCJhmamIn8,2018-11-02,https://i.scdn.co/image/ab67616d000048519b2f8a4adddf78565ad543ab,https://i.scdn.co/image/ab67616d00001e029b2f8a4adddf78565ad543ab,4jpNXblh7YDEjbhyNo2uND,(562) 453-9382 - Skit,10,1,True,30,52.906,0.589,0.391,6,-15.681,0,0.932,0.793,0.0,0.932,0.721,89.046,5
36,FM!,1XGGeqLZxjOMdCJhmamIn8,2018-11-02,https://i.scdn.co/image/ab67616d000048519b2f8a4adddf78565ad543ab,https://i.scdn.co/image/ab67616d00001e029b2f8a4adddf78565ad543ab,6b6liLOZhXdOfFBFVN5KNK,Tweakin',11,1,True,40,186.4,0.87,0.62,9,-5.382,0,0.186,0.353,2.78e-06,0.114,0.258,133.968,4
37,Big Fish Theory,5h3WJG0aZjNOrayFu3MhCS,2017-06-23,https://i.scdn.co/image/ab67616d000048517ba7b4d23c717f3211717946,https://i.scdn.co/image/ab67616d00001e027ba7b4d23c717f3211717946,0RxSL5kjZXO45l38vVerNO,Crabs In A Bucket,1,1,True,43,197.8,0.675,0.729,11,-7.494,0,0.124,0.197,0.00378,0.0863,0.0789,130.98,4
38,Big Fish Theory,5h3WJG0aZjNOrayFu3MhCS,2017-06-23,https://i.scdn.co/image/ab67616d000048517ba7b4d23c717f3211717946,https://i.scdn.co/image/ab67616d00001e027ba7b4d23c717f3211717946,6eL1ncVDtQHgSm3E288TS7,Big Fish,2,1,False,58,198.133,0.898,0.547,3,-5.707,0,0.313,0.484,1.04e-05,0.37,0.763,100.01,4
39,Big Fish Theory,5h3WJG0aZjNOrayFu3MhCS,2017-06-23,https://i.scdn.co/image/ab67616d000048517ba7b4d23c717f3211717946,https://i.scdn.co/image/ab67616d00001e027ba7b4d23c717f3211717946,1AdmqWMl7MCSRMKpwiH0yU,Alyssa Interlude,3,1,False,38,158.466,0.705,0.704,3,-11.597,1,0.243,0.508,0.0327,0.0567,0.555,158.057,4
40,Big Fish Theory,5h3WJG0aZjNOrayFu3MhCS,2017-06-23,https://i.scdn.co/image/ab67616d000048517ba7b4d23c717f3211717946,https://i.scdn.co/image/ab67616d00001e027ba7b4d23c717f3211717946,6q0wu4qjc9XVyqqRv7vlMZ,Love Can Be...,4,1,True,42,178.826,0.692,0.634,7,-6.741,1,0.0996,0.0165,0.000644,0.459,0.338,123.946,4
41,Big Fish Theory,5h3WJG0aZjNOrayFu3MhCS,2017-06-23,https://i.scdn.co/image/ab67616d000048517ba7b4d23c717f3211717946,https://i.scdn.co/image/ab67616d00001e027ba7b4d23c717f3211717946,2fRoKHW3lzNUKIUTade8nL,745,5,1,False,56,227.56,0.785,0.476,1,-9.805,1,0.115,0.115,0.00165,0.092,0.223,118.931,4
42,Big Fish Theory,5h3WJG0aZjNOrayFu3MhCS,2017-06-23,https://i.scdn.co/image/ab67616d000048517ba7b4d23c717f3211717946,https://i.scdn.co/image/ab67616d00001e027ba7b4d23c717f3211717946,3hJkeEjwi8foYgWDZnWKTB,Ramona Park Is Yankee Stadium,6,1,False,35,51.493,0.311,0.806,8,-15.368,1,0.605,0.395,0.00519,0.253,0.0326,92.819,3
43,Big Fish Theory,5h3WJG0aZjNOrayFu3MhCS,2017-06-23,https://i.scdn.co/image/ab67616d000048517ba7b4d23c717f3211717946,https://i.scdn.co/image/ab67616d00001e027ba7b4d23c717f3211717946,35tWhD29yvWwB0IDRr6zsL,Yeah Right,7,1,True,53,188.946,0.734,0.468,1,-9.029,1,0.0912,0.018,0.0,0.382,0.285,118.001,4
44,Big Fish Theory,5h3WJG0aZjNOrayFu3MhCS,2017-06-23,https://i.scdn.co/image/ab67616d000048517ba7b4d23c717f3211717946,https://i.scdn.co/image/ab67616d00001e027ba7b4d23c717f3211717946,1qSI0rdziYSXKV7oRMO1ls,Homage,8,1,True,41,173.04,0.789,0.595,1,-5.192,1,0.182,0.00938,0.00124,0.0896,0.51,147.007,4
45,Big Fish Theory,5h3WJG0aZjNOrayFu3MhCS,2017-06-23,https://i.scdn.co/image/ab67616d000048517ba7b4d23c717f3211717946,https://i.scdn.co/image/ab67616d00001e027ba7b4d23c717f3211717946,2kLI3WeOPoP5rLP1lXr6nH,SAMO,9,1,True,41,174.493,0.812,0.513,2,-7.169,1,0.0766,0.014,5.07e-06,0.118,0.0844,77.998,4
46,Big Fish Theory,5h3WJG0aZjNOrayFu3MhCS,2017-06-23,https://i.scdn.co/image/ab67616d000048517ba7b4d23c717f3211717946,https://i.scdn.co/image/ab67616d00001e027ba7b4d23c717f3211717946,2MIXhD9W7WL1Txd4Z7bU49,Party People,10,1,True,42,178.506,0.541,0.563,11,-6.75,1,0.0737,0.00195,0.111,0.193,0.105,115.297,4
47,Big Fish Theory,5h3WJG0aZjNOrayFu3MhCS,2017-06-23,https://i.scdn.co/image/ab67616d000048517ba7b4d23c717f3211717946,https://i.scdn.co/image/ab67616d00001e027ba7b4d23c717f3211717946,5POEFQCKtD0QxYLfZ2kqEx,BagBak,11,1,True,54,160.506,0.76,0.828,1,-4.532,1,0.0789,0.0478,0.000427,0.0893,0.923,82.006,4
48,Big Fish Theory,5h3WJG0aZjNOrayFu3MhCS,2017-06-23,https://i.scdn.co/image/ab67616d000048517ba7b4d23c717f3211717946,https://i.scdn.co/image/ab67616d00001e027ba7b4d23c717f3211717946,2zHmESGHFkWNllG1QvzBxT,Rain Come Down,12,1,False,41,281.053,0.882,0.399,8,-8.073,1,0.0555,0.417,0.000134,0.109,0.25,120.006,4
49,Prima Donna,2haR5qnQopCdVASZ92YTGn,2016-08-25,https://i.scdn.co/image/ab67616d000048514e48a1dea0f70b856c3c0f72,https://i.scdn.co/image/ab67616d00001e024e48a1dea0f70b856c3c0f72,4mGPJXOvOMfEP045i1vERw,Let It Shine,1,1,True,24,41.733,0.483,0.0441,11,-19.475,1,0.109,0.101,8.88e-06,0.484,0.73,110.233,5
50,Prima Donna,2haR5qnQopCdVASZ92YTGn,2016-08-25,https://i.scdn.co/image/ab67616d000048514e48a1dea0f70b856c3c0f72,https://i.scdn.co/image/ab67616d00001e024e48a1dea0f70b856c3c0f72,2HwqshjCe5Tuvq2s6Fx3K5,War Ready,2,1,True,36,155.173,0.846,0.571,11,-6.557,1,0.279,0.515,0.0192,0.201,0.672,97.031,4
51,Prima Donna,2haR5qnQopCdVASZ92YTGn,2016-08-25,https://i.scdn.co/image/ab67616d000048514e48a1dea0f70b856c3c0f72,https://i.scdn.co/image/ab67616d00001e024e48a1dea0f70b856c3c0f72,5SNPmbE3OcIVUlzQj9M32N,Smile,3,1,True,32,260.506,0.672,0.689,4,-7.307,1,0.358,0.526,2.6e-05,0.335,0.524,116.099,4
52,Prima Donna,2haR5qnQopCdVASZ92YTGn,2016-08-25,https://i.scdn.co/image/ab67616d000048514e48a1dea0f70b856c3c0f72,https://i.scdn.co/image/ab67616d00001e024e48a1dea0f70b856c3c0f72,1UledP7E5IenOcwl2oZaSu,Loco,4,1,True,37,258.333,0.745,0.589,1,-11.242,0,0.428,0.145,2.02e-05,0.226,0.395,100.02,4
53,Prima Donna,2haR5qnQopCdVASZ92YTGn,2016-08-25,https://i.scdn.co/image/ab67616d000048514e48a1dea0f70b856c3c0f72,https://i.scdn.co/image/ab67616d00001e024e48a1dea0f70b856c3c0f72,1PjKowBEfdICVBaxJDPsvm,Prima Donna,5,1,True,44,210.053,0.712,0.649,11,-7.507,1,0.5,0.25,5.68e-06,0.353,0.326,154.028,4
54,Prima Donna,2haR5qnQopCdVASZ92YTGn,2016-08-25,https://i.scdn.co/image/ab67616d000048514e48a1dea0f70b856c3c0f72,https://i.scdn.co/image/ab67616d00001e024e48a1dea0f70b856c3c0f72,6pNzEI9Fyf981Wr9mhJ8Bp,Pimp Hand,6,1,True,38,169.573,0.646,0.786,7,-6.24,1,0.27,0.109,1.67e-06,0.138,0.436,184.135,4
55,Prima Donna,2haR5qnQopCdVASZ92YTGn,2016-08-25,https://i.scdn.co/image/ab67616d000048514e48a1dea0f70b856c3c0f72,https://i.scdn.co/image/ab67616d00001e024e48a1dea0f70b856c3c0f72,69C96XLxbkGtlAwhOaz2kq,Big Time,7,1,True,31,211.213,0.764,0.95,2,-7.482,1,0.351,0.134,2.42e-06,0.0897,0.107,140.053,4
56,Summertime '06,4Csoz10NhNJOrCTUoPBdUD,2015-06-30,https://i.scdn.co/image/ab67616d0000485186f51d101637fd4dc59fc32a,https://i.scdn.co/image/ab67616d00001e0286f51d101637fd4dc59fc32a,1wjyGxvNK5POKbIfNroB3E,Ramona Park Legend Pt. 1,1,1,True,33,36.28,0.492,0.422,11,-13.058,1,0.524,0.593,0.245,0.363,0.506,82.045,4
57,Summertime '06,4Csoz10NhNJOrCTUoPBdUD,2015-06-30,https://i.scdn.co/image/ab67616d0000485186f51d101637fd4dc59fc32a,https://i.scdn.co/image/ab67616d00001e0286f51d101637fd4dc59fc32a,6mXwoyzrpb4T5Iveoo4k5G,Lift Me Up,2,1,True,45,271.96,0.664,0.612,1,-7.687,1,0.0362,0.00186,0.000986,0.126,0.307,120.099,4
58,Summertime '06,4Csoz10NhNJOrCTUoPBdUD,2015-06-30,https://i.scdn.co/image/ab67616d0000485186f51d101637fd4dc59fc32a,https://i.scdn.co/image/ab67616d00001e0286f51d101637fd4dc59fc32a,4uQ7wYsuL0DryknoDc11Hk,Norf Norf,3,1,True,66,183.16,0.925,0.549,7,-6.572,1,0.0656,0.396,0.000154,0.11,0.0904,100.014,4
59,Summertime '06,4Csoz10NhNJOrCTUoPBdUD,2015-06-30,https://i.scdn.co/image/ab67616d0000485186f51d101637fd4dc59fc32a,https://i.scdn.co/image/ab67616d00001e0286f51d101637fd4dc59fc32a,5cikVJA2ExOI9TTkC06vkN,Birds & Bees,4,1,True,38,162.013,0.456,0.811,10,-7.256,0,0.157,0.00561,0.00436,0.622,0.689,135.964,4
60,Summertime '06,4Csoz10NhNJOrCTUoPBdUD,2015-06-30,https://i.scdn.co/image/ab67616d0000485186f51d101637fd4dc59fc32a,https://i.scdn.co/image/ab67616d00001e0286f51d101637fd4dc59fc32a,7wqWSTBpYjsFX4JDDQaU1w,Loca,5,1,True,40,161.573,0.871,0.743,10,-7.541,0,0.0624,0.00495,0.5,0.0706,0.302,101.04,4
61,Summertime '06,4Csoz10NhNJOrCTUoPBdUD,2015-06-30,https://i.scdn.co/image/ab67616d0000485186f51d101637fd4dc59fc32a,https://i.scdn.co/image/ab67616d00001e0286f51d101637fd4dc59fc32a,1u1VcXquBfZfu7dc8PVYVc,Lemme Know,6,1,True,41,222.04,0.723,0.526,6,-10.187,1,0.0552,0.00733,0.162,0.222,0.667,156.122,4
62,Summertime '06,4Csoz10NhNJOrCTUoPBdUD,2015-06-30,https://i.scdn.co/image/ab67616d0000485186f51d101637fd4dc59fc32a,https://i.scdn.co/image/ab67616d00001e0286f51d101637fd4dc59fc32a,4sbHGlsIw5ST7u9s7hLxME,Dopeman,7,1,True,41,113.373,0.759,0.439,5,-8.596,0,0.143,0.0155,5.27e-05,0.0828,0.594,148.033,4
63,Summertime '06,4Csoz10NhNJOrCTUoPBdUD,2015-06-30,https://i.scdn.co/image/ab67616d0000485186f51d101637fd4dc59fc32a,https://i.scdn.co/image/ab67616d00001e0286f51d101637fd4dc59fc32a,1deetO7jeQqMH2C7kSH32a,Jump Off The Roof,8,1,True,47,223.986,0.732,0.945,1,-5.429,1,0.0812,0.0859,0.000998,0.476,0.621,120.026,4
64,Summertime '06,4Csoz10NhNJOrCTUoPBdUD,2015-06-30,https://i.scdn.co/image/ab67616d0000485186f51d101637fd4dc59fc32a,https://i.scdn.co/image/ab67616d00001e0286f51d101637fd4dc59fc32a,734xplxSpoW22U5OeeZcr8,Se√±orita,9,1,True,47,188.026,0.763,0.63,9,-8.258,0,0.142,0.0622,1.02e-05,0.285,0.17,124.973,4
65,Summertime '06,4Csoz10NhNJOrCTUoPBdUD,2015-06-30,https://i.scdn.co/image/ab67616d0000485186f51d101637fd4dc59fc32a,https://i.scdn.co/image/ab67616d00001e0286f51d101637fd4dc59fc32a,7GKiBHjFfvPRNqqOuRYqLB,Summertime,10,1,True,49,259.213,0.446,0.593,11,-7.748,1,0.0597,0.0365,0.85,0.0988,0.0706,123.884,4
66,Summertime '06,4Csoz10NhNJOrCTUoPBdUD,2015-06-30,https://i.scdn.co/image/ab67616d0000485186f51d101637fd4dc59fc32a,https://i.scdn.co/image/ab67616d00001e0286f51d101637fd4dc59fc32a,5bG2wMLua5ywaXjwmSQ42r,Ramona Park Legend Pt. 2,1,2,True,32,87.853,0.53,0.315,10,-14.547,0,0.472,0.68,0.000162,0.353,0.459,166.051,4
67,Summertime '06,4Csoz10NhNJOrCTUoPBdUD,2015-06-30,https://i.scdn.co/image/ab67616d0000485186f51d101637fd4dc59fc32a,https://i.scdn.co/image/ab67616d00001e0286f51d101637fd4dc59fc32a,24OsKc9qr5IFyiaHNCAk3h,3230,2,2,True,38,172.68,0.696,0.877,5,-6.076,1,0.0344,0.142,0.0354,0.143,0.624,156.013,4
68,Summertime '06,4Csoz10NhNJOrCTUoPBdUD,2015-06-30,https://i.scdn.co/image/ab67616d0000485186f51d101637fd4dc59fc32a,https://i.scdn.co/image/ab67616d00001e0286f51d101637fd4dc59fc32a,06RUl9rjiV0OhczC0yQ0YA,Surf,3,2,True,37,151.546,0.976,0.493,10,-12.867,0,0.272,0.932,0.0139,0.11,0.617,121.985,4
69,Summertime '06,4Csoz10NhNJOrCTUoPBdUD,2015-06-30,https://i.scdn.co/image/ab67616d0000485186f51d101637fd4dc59fc32a,https://i.scdn.co/image/ab67616d00001e0286f51d101637fd4dc59fc32a,28GiGdDsLRRCaYCrl9Esxr,Might Be Wrong,4,2,True,33,238.2,0.24,0.366,8,-11.394,1,0.0384,0.114,0.865,0.292,0.144,81.678,4
70,Summertime '06,4Csoz10NhNJOrCTUoPBdUD,2015-06-30,https://i.scdn.co/image/ab67616d0000485186f51d101637fd4dc59fc32a,https://i.scdn.co/image/ab67616d00001e0286f51d101637fd4dc59fc32a,7iQ8cowVQIQY7I4LwlABSJ,Get Paid,5,2,True,34,192.773,0.888,0.776,6,-6.774,0,0.256,0.137,4.94e-06,0.129,0.414,99.08,4
71,Summertime '06,4Csoz10NhNJOrCTUoPBdUD,2015-06-30,https://i.scdn.co/image/ab67616d0000485186f51d101637fd4dc59fc32a,https://i.scdn.co/image/ab67616d00001e0286f51d101637fd4dc59fc32a,2TElexeJMX3OyXil4DWbVs,Street Punks,6,2,True,42,186.866,0.756,0.49,10,-12.265,0,0.11,0.25,0.403,0.105,0.606,82.525,4
72,Summertime '06,4Csoz10NhNJOrCTUoPBdUD,2015-06-30,https://i.scdn.co/image/ab67616d0000485186f51d101637fd4dc59fc32a,https://i.scdn.co/image/ab67616d00001e0286f51d101637fd4dc59fc32a,1cjRGRxMNA8bdpFMbupG0w,Hang N' Bang,7,2,True,36,126.8,0.832,0.642,11,-5.066,0,0.0617,0.00308,0.00828,0.272,0.329,113.994,4
73,Summertime '06,4Csoz10NhNJOrCTUoPBdUD,2015-06-30,https://i.scdn.co/image/ab67616d0000485186f51d101637fd4dc59fc32a,https://i.scdn.co/image/ab67616d00001e0286f51d101637fd4dc59fc32a,5R08q0FbWLLQ5Bec8lQ3am,C.N.B.,8,2,True,35,253.386,0.743,0.671,1,-7.37,1,0.0828,0.0895,2.27e-06,0.32,0.356,116.079,4
74,Summertime '06,4Csoz10NhNJOrCTUoPBdUD,2015-06-30,https://i.scdn.co/image/ab67616d0000485186f51d101637fd4dc59fc32a,https://i.scdn.co/image/ab67616d00001e0286f51d101637fd4dc59fc32a,6yHZ09mUcQRZtWBYW73OoQ,Like It Is,9,2,True,34,276.16,0.389,0.555,6,-10.76,1,0.405,0.182,8.77e-06,0.334,0.698,90.425,5
75,Summertime '06,4Csoz10NhNJOrCTUoPBdUD,2015-06-30,https://i.scdn.co/image/ab67616d0000485186f51d101637fd4dc59fc32a,https://i.scdn.co/image/ab67616d00001e0286f51d101637fd4dc59fc32a,2vSzbAjeftc7pxnyIM1QPf,'06,10,2,True,35,47.693,0.87,0.646,1,-9.06,0,0.118,0.00299,0.00106,0.241,0.341,102.956,4
76,Hell Can Wait,7mxpMxmMM8RN39YRlo08v7,2014-09-23,https://i.scdn.co/image/ab67616d00004851299c72661432a1622208d759,https://i.scdn.co/image/ab67616d00001e02299c72661432a1622208d759,5A1jH0Zt8YG8NPj0bfsxSQ,Fire,1,1,True,37,136.64,0.459,0.665,4,-6.113,0,0.277,0.00139,0.00163,0.139,0.157,80.86,4
77,Hell Can Wait,7mxpMxmMM8RN39YRlo08v7,2014-09-23,https://i.scdn.co/image/ab67616d00004851299c72661432a1622208d759,https://i.scdn.co/image/ab67616d00001e02299c72661432a1622208d759,0tpUSqnOkcuMz2rwrSKKf1,65 Hunnid,2,1,True,41,185.986,0.553,0.493,5,-8.129,0,0.221,0.167,0.0,0.637,0.435,159.487,4
78,Hell Can Wait,7mxpMxmMM8RN39YRlo08v7,2014-09-23,https://i.scdn.co/image/ab67616d00004851299c72661432a1622208d759,https://i.scdn.co/image/ab67616d00001e02299c72661432a1622208d759,7nUsDCJPnJTqNUqxipnNy4,Screen Door,3,1,True,36,247.013,0.566,0.497,11,-9.951,0,0.234,0.00199,0.0,0.113,0.0706,140.085,4
79,Hell Can Wait,7mxpMxmMM8RN39YRlo08v7,2014-09-23,https://i.scdn.co/image/ab67616d00004851299c72661432a1622208d759,https://i.scdn.co/image/ab67616d00001e02299c72661432a1622208d759,2eb51UvA5hKfZOC1cy1oA1,Hands Up,4,1,True,38,199.8,0.609,0.712,0,-6.478,1,0.252,0.00501,0.143,0.629,0.23,88.149,4
80,Hell Can Wait,7mxpMxmMM8RN39YRlo08v7,2014-09-23,https://i.scdn.co/image/ab67616d00004851299c72661432a1622208d759,https://i.scdn.co/image/ab67616d00001e02299c72661432a1622208d759,6w6SW8zyEcyxwSR7Wya45a,Blue Suede,5,1,True,52,218.04,0.415,0.745,7,-5.902,1,0.174,0.108,6.69e-05,0.526,0.468,84.926,4
81,Hell Can Wait,7mxpMxmMM8RN39YRlo08v7,2014-09-23,https://i.scdn.co/image/ab67616d00004851299c72661432a1622208d759,https://i.scdn.co/image/ab67616d00001e02299c72661432a1622208d759,5nFur5SMzdpP4obWLrBFD3,Limos,6,1,True,49,212.36,0.594,0.732,11,-5.852,0,0.417,0.307,4.29e-05,0.111,0.558,175.979,4
82,Hell Can Wait,7mxpMxmMM8RN39YRlo08v7,2014-09-23,https://i.scdn.co/image/ab67616d00004851299c72661432a1622208d759,https://i.scdn.co/image/ab67616d00001e02299c72661432a1622208d759,4fR8CJztzJ6kUEIw1dBdaO,Feelin' The Love,7,1,True,32,210.093,0.736,0.629,10,-4.575,1,0.187,0.52,0.000242,0.0694,0.614,75.002,4
